종목코드,종목명,매매거래정지,정리매매 종목,관리종목,투자주의환기종목,불성실공시,단일가매매대상 초저유동성종목,상장주식수 부족 우선주,단기과열종목,투자주의종목,투자경고종목,투자위험종목
"095570","AJ네트웍스","X","X","X","X","X","X","X","X","X","X","X"
"006840","AK홀딩스","X","X","X","X","X","X","X","X","X","X","X"
"027410","BGF","X","X","X","X","X","X","X","X","X","X","X"
"282330","BGF리테일","X","X","X","X","X","X","X","X","X","X","X"
"138930","BNK금융지주","X","X","X","X","X","X","X","X","X","X","X"
"001460","BYC","X","X","X","X","X","X","X","X","X","X","X"
"001465","BYC우","X","X","X","X","X","X","O","X","X","X","X"
"001040","CJ","X","X","X","X","X","X","X","X","X","X","X"
"079160","CJ CGV","X","X","X","X","X","X","X","X","X","X","X"
"00104K","CJ4우(전환)","X","X","X","X","X","X","X","X","X","X","X"
"000120","CJ대한통운","X","X","X","X","X","X","X","X","X","X","X"
"011150","CJ씨푸드","X","X","X","X","X","X","X","X","X","X","X"
"011155","CJ씨푸드1우","X","X","X","X","X","X","O","X","X","X","X"
"001045","CJ우","X","X","X","X","X","X","X","X","X","X","X"
"097950","CJ제일제당","X","X","X","X","X","X","X","X","X","X","X"
"097955","CJ제일제당 우","X","X","X","X","X","X","X","X","X","X","X"
"000590","CS홀딩스","X","X","X","X","X","X","X","X","X","X","X"
"012030","DB","X","X","X","X","X","X","X","X","X","X","X"
"016610","DB금융투자","X","X","X","X","O","X","X","X","X","X","X"
"005830","DB손해보험","X","X","X","X","X","X","X","X","X","X","X"
"000990","DB하이텍","X","X","X","X","X","X","X","X","X","X","X"
"000995","DB하이텍1우","X","X","X","X","X","X","O","X","X","X","X"
"139130","DGB금융지주","X","X","X","X","X","X","X","X","X","X","X"
"001530","DI동일","X","X","X","X","X","X","X","X","X","X","X"
"000210","DL","X","X","X","X","X","X","X","X","X","X","X"
"001880","DL건설","X","X","X","X","X","X","X","X","X","X","X"
"000215","DL우","X","X","X","X","X","X","X","X","X","X","X"
"375500","DL이앤씨","X","X","X","X","X","X","X","X","X","X","X"
"37550K","DL이앤씨우","X","X","X","X","X","X","X","X","X","X","X"
"004840","DRB동일","X","X","X","X","X","X","X","X","X","X","X"
"155660","DSR","X","X","X","X","X","X","X","X","X","X","X"
"069730","DSR제강","X","X","X","X","X","X","X","X","X","X","X"
"017940","E1","X","X","X","X","X","X","X","X","X","X","X"
"365550","ESR켄달스퀘어리츠","X","X","X","X","X","X","X","X","X","X","X"
"383220","F&F","X","X","X","X","X","X","X","X","X","X","X"
"007700","F&F홀딩스","X","X","X","X","X","X","X","X","X","X","X"
"114090","GKL","X","X","X","X","X","X","X","X","X","X","X"
"078930","GS","X","X","X","X","X","X","X","X","X","X","X"
"006360","GS건설","X","X","X","X","X","X","X","X","X","X","X"
"001250","GS글로벌","X","X","X","X","X","X","X","X","X","X","X"
"007070","GS리테일","X","X","X","X","X","X","X","X","X","X","X"
"078935","GS우","X","X","X","X","X","X","X","X","X","X","X"
"012630","HDC","X","X","X","X","X","X","X","X","X","X","X"
"039570","HDC랩스","X","X","X","X","X","X","X","X","X","X","X"
"089470","HDC현대EP","X","X","X","X","O","X","X","X","X","X","X"
"294870","HDC현대산업개발","X","X","X","X","X","X","X","X","X","X","X"
"267250","HD현대","X","X","X","X","X","X","X","X","X","X","X"
"097230","HJ중공업","X","X","X","X","X","X","X","X","X","X","X"
"003580","HLB글로벌","X","X","X","X","X","X","X","X","X","X","X"
"011200","HMM","X","X","X","X","X","X","X","X","X","X","X"
"082740","HSD엔진","X","X","X","X","X","X","X","X","X","X","X"
"003560","IHQ","X","X","X","X","X","X","X","X","X","X","X"
"175330","JB금융지주","X","X","X","X","X","X","X","X","X","X","X"
"234080","JW생명과학","X","X","X","X","X","X","X","X","X","X","X"
"001060","JW중외제약","X","X","X","X","X","X","X","X","X","X","X"
"001067","JW중외제약2우B","X","X","X","X","X","X","O","X","X","X","X"
"001065","JW중외제약우","X","X","X","X","X","X","O","X","X","X","X"
"096760","JW홀딩스","X","X","X","X","X","X","X","X","X","X","X"
"105560","KB금융","X","X","X","X","X","X","X","X","X","X","X"
"002380","KCC","X","X","X","X","X","X","X","X","X","X","X"
"344820","KCC글라스","X","X","X","X","X","X","X","X","X","X","X"
"009070","KCTC","X","X","X","X","X","X","X","X","X","X","X"
"009440","KC그린홀딩스","X","X","X","X","O","X","X","X","X","X","X"
"119650","KC코트렐","X","X","X","X","X","X","X","X","X","X","X"
"092220","KEC","X","X","X","X","X","X","X","X","X","X","X"
"016380","KG스틸","X","X","X","X","X","X","X","X","X","X","X"
"016385","KG스틸우","X","X","X","X","X","X","O","X","X","O","X"
"001390","KG케미칼","X","X","X","X","X","X","X","X","X","X","X"
"033180","KH 필룩스","X","X","X","X","X","X","X","X","X","X","X"
"001940","KISCO홀딩스","X","X","X","X","X","X","X","X","X","X","X"
"025000","KPX케미칼","X","X","X","X","X","X","X","X","X","X","X"
"092230","KPX홀딩스","X","X","X","X","X","X","X","X","X","X","X"
"000040","KR모터스","X","X","X","X","X","X","X","X","X","X","X"
"044450","KSS해운","X","X","X","X","X","X","X","X","X","X","X"
"030200","KT","X","X","X","X","X","X","X","X","X","X","X"
"033780","KT&G","X","X","X","X","X","X","X","X","X","X","X"
"058850","KTcs","X","X","X","X","X","X","X","X","X","X","X"
"058860","KTis","X","X","X","X","X","X","X","X","X","X","X"
"093050","LF","X","X","X","X","X","X","X","X","X","X","X"
"003550","LG","X","X","X","X","X","X","X","X","X","X","X"
"034220","LG디스플레이","X","X","X","X","X","X","X","X","X","X","X"
"051900","LG생활건강","X","X","X","X","O","X","X","X","X","X","X"
"051905","LG생활건강우","X","X","X","X","O","X","X","X","X","X","X"
"373220","LG에너지솔루션","X","X","X","X","X","X","X","X","X","X","X"
"003555","LG우","X","X","X","X","X","X","X","X","X","X","X"
"032640","LG유플러스","X","X","X","X","X","X","X","X","X","X","X"
"011070","LG이노텍","X","X","X","X","X","X","X","X","X","X","X"
"066570","LG전자","X","X","X","X","X","X","X","X","X","X","X"
"066575","LG전자우","X","X","X","X","X","X","X","X","X","X","X"
"037560","LG헬로비전","X","X","X","X","X","X","X","X","X","X","X"
"051910","LG화학","X","X","X","X","X","X","X","X","X","X","X"
"051915","LG화학우","X","X","X","X","X","X","X","X","X","X","X"
"079550","LIG넥스원","X","X","X","X","X","X","X","X","X","X","X"
"006260","LS","X","X","X","X","X","X","X","X","X","X","X"
"010120","LS ELECTRIC","X","X","X","X","X","X","X","X","X","X","X"
"000680","LS네트웍스","X","X","X","X","X","X","X","X","X","X","X"
"229640","LS전선아시아","X","X","X","X","X","X","X","X","X","X","X"
"001120","LX인터내셔널","X","X","X","X","X","X","X","X","X","X","X"
"108670","LX하우시스","X","X","X","X","X","X","X","X","X","X","X"
"108675","LX하우시스우","X","X","X","X","X","X","X","X","X","X","X"
"383800","LX홀딩스","X","X","X","X","X","X","X","X","X","X","X"
"38380K","LX홀딩스1우","X","X","X","X","X","X","X","X","X","X","X"
"023150","MH에탄올","X","X","X","X","X","X","X","X","X","X","X"
"035420","NAVER","X","X","X","X","X","X","X","X","X","X","X"
"181710","NHN","X","X","X","X","X","X","X","X","X","X","X"
"400760","NH올원리츠","X","X","X","X","X","X","X","X","X","X","X"
"005940","NH투자증권","X","X","X","X","X","X","X","X","X","X","X"
"005945","NH투자증권우","X","X","X","X","X","X","X","X","X","X","X"
"338100","NH프라임리츠","X","X","X","X","X","X","X","X","X","X","X"
"034310","NICE","X","X","X","X","X","X","X","X","X","X","X"
"008260","NI스틸","X","X","X","X","X","X","X","X","X","X","X"
"004250","NPC","X","X","X","X","X","X","X","X","X","X","X"
"004255","NPC우","X","X","X","X","X","X","X","X","X","X","X"
"010060","OCI","X","X","X","X","X","X","X","X","X","X","X"
"178920","PI첨단소재","X","X","X","X","X","X","X","X","X","X","X"
"005490","POSCO홀딩스","X","X","X","X","X","X","X","X","X","X","X"
"010950","S-Oil","X","X","X","X","X","X","X","X","X","X","X"
"010955","S-Oil우","X","X","X","X","X","X","X","X","X","X","X"
"034120","SBS","X","X","X","X","X","X","X","X","X","X","X"
"005090","SGC에너지","X","X","X","X","X","X","X","X","X","X","X"
"001380","SG글로벌","X","X","X","X","X","X","X","X","X","X","X"
"004060","SG세계물산","X","X","X","X","X","X","X","X","X","X","X"
"001770","SHD","X","X","X","X","X","X","X","X","X","X","X"
"002360","SH에너지화학","X","X","X","X","X","X","X","X","X","X","X"
"009160","SIMPAC","X","X","X","X","X","X","X","X","X","X","X"
"123700","SJM","X","X","X","X","X","X","X","X","X","X","X"
"025530","SJM홀딩스","X","X","X","X","X","X","X","X","X","X","X"
"034730","SK","X","X","X","X","X","X","X","X","X","X","X"
"011790","SKC","X","X","X","X","X","X","X","X","X","X","X"
"018670","SK가스","X","X","X","X","X","X","X","X","X","X","X"
"001740","SK네트웍스","X","X","X","X","X","X","X","X","X","X","X"
"001745","SK네트웍스우","X","X","X","X","X","X","O","X","X","X","X"
"006120","SK디스커버리","X","X","X","X","X","X","X","X","X","X","X"
"006125","SK디스커버리우","X","X","X","X","X","X","X","X","X","X","X"
"210980","SK디앤디","X","X","X","X","X","X","X","X","X","X","X"
"068400","SK렌터카","X","X","X","X","X","X","X","X","X","X","X"
"395400","SK리츠","X","X","X","X","X","X","X","X","X","X","X"
"302440","SK바이오사이언스","X","X","X","X","X","X","X","X","X","X","X"
"326030","SK바이오팜","X","X","X","X","X","X","X","X","X","X","X"
"402340","SK스퀘어","X","X","X","X","X","X","X","X","X","X","X"
"361610","SK아이이테크놀로지","X","X","X","X","X","X","X","X","X","X","X"
"03473K","SK우","X","X","X","X","X","X","X","X","X","X","X"
"096770","SK이노베이션","X","X","X","X","X","X","X","X","X","X","X"
"096775","SK이노베이션우","X","X","X","X","X","X","X","X","X","X","X"
"001510","SK증권","X","X","X","X","X","X","X","X","X","X","X"
"001515","SK증권우","X","X","X","X","X","X","X","O","X","X","X"
"285130","SK케미칼","X","X","X","X","X","X","X","X","X","X","X"
"28513K","SK케미칼우","X","X","X","X","X","X","X","X","X","X","X"
"017670","SK텔레콤","X","X","X","X","X","X","X","X","X","X","X"
"000660","SK하이닉스","X","X","X","X","X","X","X","X","X","X","X"
"064960","SNT모티브","X","X","X","X","X","X","X","X","X","X","X"
"100840","SNT에너지","X","X","X","X","X","X","X","X","X","X","X"
"003570","SNT중공업","X","X","X","X","X","X","X","X","X","X","X"
"036530","SNT홀딩스","X","X","X","X","X","X","X","X","X","X","X"
"005610","SPC삼립","X","X","X","X","X","X","X","X","X","X","X"
"011810","STX","X","X","X","X","X","X","X","X","X","X","X"
"077970","STX엔진","X","X","X","X","X","X","X","X","X","X","X"
"071970","STX중공업","X","X","X","X","X","X","X","X","X","X","X"
"002820","SUN&L","X","X","X","X","X","X","X","X","X","X","X"
"084870","TBH글로벌","X","X","X","X","X","X","X","X","X","X","X"
"002710","TCC스틸","X","X","X","X","X","X","X","X","X","X","X"
"069260","TKG휴켐스","X","X","X","X","X","X","X","X","X","X","X"
"002900","TYM","X","X","X","X","X","X","X","X","X","X","X"
"024070","WISCOM","X","X","X","X","X","X","X","X","X","X","X"
"037270","YG PLUS","X","X","X","X","X","X","X","X","X","X","X"
"000500","가온전선","X","X","X","X","X","X","X","X","X","X","X"
"000860","강남제비스코","X","X","X","X","X","X","X","X","X","X","X"
"035250","강원랜드","X","X","X","X","X","X","X","X","X","X","X"
"011420","갤럭시아에스엠","X","X","X","X","X","X","X","X","X","X","X"
"002100","경농","X","X","X","X","X","X","X","X","X","X","X"
"009450","경동나비엔","X","X","X","X","X","X","X","X","X","X","X"
"267290","경동도시가스","X","X","X","X","X","X","X","X","X","X","X"
"012320","경동인베스트","X","X","X","X","X","X","X","X","X","X","X"
"000050","경방","X","X","X","X","X","X","X","X","X","X","X"
"214390","경보제약","X","X","X","X","X","X","X","X","X","X","X"
"012610","경인양행","X","X","X","X","X","X","X","X","X","X","X"
"009140","경인전자","X","X","X","X","X","X","X","X","X","X","X"
"013580","계룡건설","X","X","X","X","X","X","X","X","X","X","X"
"012200","계양전기","O","X","X","X","X","X","X","X","X","X","X"
"012205","계양전기우","O","X","X","X","X","X","X","X","X","X","X"
"002140","고려산업","X","X","X","X","X","X","X","X","X","X","X"
"010130","고려아연","X","X","X","X","X","X","X","X","X","X","X"
"002240","고려제강","X","X","X","X","X","X","X","X","X","X","X"
"009290","광동제약","X","X","X","X","X","X","X","X","X","X","X"
"017040","광명전기","X","X","X","X","X","X","X","X","X","X","X"
"017900","광전자","X","X","X","X","X","X","X","X","X","X","X"
"037710","광주신세계","X","X","X","X","X","X","X","X","X","X","X"
"030610","교보증권","X","X","X","X","X","X","X","X","X","X","X"
"339770","교촌에프앤비","X","X","X","X","X","X","X","X","X","X","X"
"007690","국도화학","X","X","X","X","X","X","X","X","X","X","X"
"005320","국동","X","X","X","X","X","X","X","X","X","X","X"
"001140","국보","X","X","X","X","X","X","X","X","X","X","X"
"002720","국제약품","X","X","X","X","X","X","X","X","X","X","X"
"083420","그린케미칼","X","X","X","X","X","X","X","X","X","X","X"
"014530","극동유화","X","X","X","X","X","X","X","X","X","X","X"
"014280","금강공업","X","X","X","X","X","X","X","X","X","X","X"
"014285","금강공업우","X","X","X","X","X","X","X","O","X","X","X"
"008870","금비","X","X","X","X","X","X","X","X","X","X","X"
"001570","금양","X","X","X","X","X","X","X","X","X","X","X"
"002990","금호건설","X","X","X","X","X","X","X","X","X","X","X"
"002995","금호건설우","X","X","X","X","X","X","O","X","X","X","X"
"011780","금호석유","X","X","X","X","X","X","X","X","X","X","X"
"011785","금호석유우","X","X","X","X","X","X","X","X","X","X","X"
"214330","금호에이치티","X","X","X","X","X","X","X","X","X","X","X"
"001210","금호전기","X","X","X","X","X","X","X","X","X","X","X"
"073240","금호타이어","X","X","X","X","X","X","X","X","X","X","X"
"092440","기신정기","X","X","X","X","X","X","X","X","X","X","X"
"000270","기아","X","X","X","X","X","X","X","X","X","X","X"
"024110","기업은행","X","X","X","X","X","X","X","X","X","X","X"
"013700","까뮤이앤씨","X","X","X","X","X","X","X","X","X","X","X"
"004540","깨끗한나라","X","X","X","X","X","X","X","X","X","X","X"
"004545","깨끗한나라우","X","X","X","X","X","X","O","X","X","X","X"
"001260","남광토건","X","X","X","X","X","X","X","X","X","X","X"
"008350","남선알미늄","X","X","X","X","X","X","X","X","X","X","X"
"008355","남선알미우","X","X","X","X","X","X","O","X","X","X","X"
"004270","남성","X","X","X","X","X","X","X","X","X","X","X"
"003920","남양유업","X","X","X","X","O","X","X","X","X","X","X"
"003925","남양유업우","X","X","X","X","O","X","O","X","X","X","X"
"025860","남해화학","X","X","X","X","X","X","X","X","X","X","X"
"005720","넥센","X","X","X","X","X","X","X","X","X","X","X"
"005725","넥센우","X","X","X","X","X","X","X","X","X","X","X"
"002350","넥센타이어","X","X","X","X","X","X","X","X","X","X","X"
"002355","넥센타이어1우B","X","X","X","X","X","X","X","X","X","X","X"
"251270","넷마블","X","X","X","X","X","X","X","X","X","X","X"
"090350","노루페인트","X","X","X","X","X","X","X","X","X","X","X"
"090355","노루페인트우","X","X","X","X","X","X","O","X","X","X","X"
"000320","노루홀딩스","X","X","X","X","X","X","X","X","X","X","X"
"000325","노루홀딩스우","X","X","X","X","X","X","O","X","X","X","X"
"006280","녹십자","X","X","X","X","X","X","X","X","X","X","X"
"005250","녹십자홀딩스","X","X","X","X","X","X","X","X","X","X","X"
"005257","녹십자홀딩스2우","X","X","X","X","X","X","X","O","X","X","X"
"004370","농심","X","X","X","X","X","X","X","X","X","X","X"
"072710","농심홀딩스","X","X","X","X","X","X","X","X","X","X","X"
"058730","다스코","X","X","X","X","X","X","X","X","X","X","X"
"030210","다올투자증권","X","X","X","X","X","X","X","X","X","X","X"
"023590","다우기술","X","X","X","X","X","X","X","X","X","X","X"
"145210","다이나믹디자인","O","X","X","X","O","X","X","X","X","X","X"
"019680","대교","X","X","X","X","X","X","X","X","X","X","X"
"019685","대교우B","X","X","X","X","X","X","X","X","X","X","X"
"006370","대구백화점","X","X","X","X","O","X","X","X","X","X","X"
"008060","대덕","X","X","X","X","X","X","X","X","X","X","X"
"00806K","대덕1우","X","X","X","X","X","X","X","X","X","X","X"
"353200","대덕전자","X","X","X","X","X","X","X","X","X","X","X"
"35320K","대덕전자1우","X","X","X","X","X","X","X","X","X","X","X"
"000490","대동","X","X","X","X","X","X","X","X","X","X","X"
"008110","대동전자","X","X","X","X","X","X","X","X","X","X","X"
"005750","대림B&Co","X","X","X","X","X","X","X","X","X","X","X"
"006570","대림통상","X","X","X","X","X","X","X","X","X","X","X"
"001680","대상","X","X","X","X","X","X","X","X","X","X","X"
"001685","대상우","X","X","X","X","X","X","X","X","X","X","X"
"084690","대상홀딩스","X","X","X","X","X","X","X","X","X","X","X"
"084695","대상홀딩스우","X","X","X","X","X","X","X","X","X","X","X"
"128820","대성산업","X","X","X","X","X","X","X","X","X","X","X"
"117580","대성에너지","X","X","X","X","X","X","X","X","X","X","X"
"016710","대성홀딩스","X","X","X","X","X","X","X","X","X","X","X"
"003540","대신증권","X","X","X","X","X","X","X","X","X","X","X"
"003547","대신증권2우B","X","X","X","X","X","X","X","X","X","X","X"
"003545","대신증권우","X","X","X","X","X","X","X","X","X","X","X"
"009190","대양금속","X","X","X","X","X","X","X","X","X","X","X"
"014160","대영포장","X","X","X","X","X","X","X","X","X","X","X"
"047040","대우건설","X","X","X","X","X","X","X","X","X","X","X"
"009320","대우부품","X","X","X","X","X","X","X","X","X","X","X"
"042660","대우조선해양","X","X","X","X","X","X","X","X","X","X","X"
"003090","대웅","X","X","X","X","X","X","X","X","X","X","X"
"069620","대웅제약","X","X","X","X","X","X","X","X","X","X","X"
"000430","대원강업","X","X","X","X","X","X","X","X","X","X","X"
"006340","대원전선","X","X","X","X","X","X","X","X","X","X","X"
"006345","대원전선우","X","X","X","X","X","X","X","O","X","X","X"
"003220","대원제약","X","X","X","X","X","X","X","X","X","X","X"
"024890","대원화성","X","X","X","X","X","X","X","X","X","X","X"
"002880","대유에이텍","X","X","X","X","X","X","X","X","X","X","X"
"000300","대유플러스","X","X","X","X","O","X","X","X","X","X","X"
"012800","대창","X","X","X","X","X","X","X","X","X","X","X"
"015230","대창단조","X","X","X","X","X","X","X","X","X","X","X"
"001070","대한방직","X","X","X","X","X","X","X","X","X","X","X"
"006650","대한유화","X","X","X","X","X","X","X","X","X","X","X"
"001440","대한전선","X","X","X","X","X","X","X","X","X","X","X"
"084010","대한제강","X","X","X","X","X","X","X","X","X","X","X"
"001790","대한제당","X","X","X","X","X","X","X","X","O","X","X"
"001795","대한제당우","X","X","X","X","X","X","X","X","X","O","X"
"001130","대한제분","X","X","X","X","X","X","X","X","X","X","X"
"003490","대한항공","X","X","X","X","X","X","X","X","X","X","X"
"003495","대한항공우","X","X","X","X","X","X","X","X","X","X","X"
"005880","대한해운","X","X","X","X","X","X","X","X","X","X","X"
"003830","대한화섬","X","X","X","X","X","X","X","X","X","X","X"
"016090","대현","X","X","X","X","X","X","X","X","X","X","X"
"069460","대호에이엘","X","X","X","X","X","X","X","X","X","X","X"
"192080","더블유게임즈","X","X","X","X","X","X","X","X","X","X","X"
"012510","더존비즈온","X","X","X","X","O","X","X","X","X","X","X"
"004830","덕성","X","X","X","X","X","X","X","X","X","X","X"
"004835","덕성우","X","X","X","X","X","X","X","X","X","X","X"
"024900","덕양산업","X","X","X","X","X","X","X","X","X","X","X"
"145720","덴티움","X","X","X","X","X","X","X","X","X","X","X"
"002150","도화엔지니어링","X","X","X","X","X","X","X","X","X","X","X"
"001230","동국제강","X","X","X","X","X","X","X","X","X","X","X"
"023450","동남합성","X","X","X","X","X","X","X","X","X","X","X"
"004140","동방","X","X","X","X","X","X","X","X","X","X","X"
"007590","동방아그로","X","X","X","X","X","X","X","X","X","X","X"
"005960","동부건설","X","X","X","X","X","X","X","X","X","X","X"
"005965","동부건설우","X","X","X","X","X","X","O","X","X","X","X"
"026960","동서","X","X","X","X","X","X","X","X","X","X","X"
"002210","동성제약","X","X","X","X","X","X","X","X","X","X","X"
"102260","동성케미컬","X","X","X","X","X","X","X","X","X","X","X"
"000640","동아쏘시오홀딩스","X","X","X","X","X","X","X","X","X","X","X"
"170900","동아에스티","X","X","X","X","X","X","X","X","X","X","X"
"028100","동아지질","X","X","X","X","X","X","X","X","X","X","X"
"282690","동아타이어","X","X","X","X","X","X","X","X","X","X","X"
"001520","동양","X","X","X","X","X","X","X","X","X","X","X"
"001527","동양2우B","X","X","X","X","X","O","O","X","X","X","X"
"001529","동양3우B","X","X","X","X","X","O","O","X","X","X","X"
"084670","동양고속","X","X","X","X","X","X","X","X","X","X","X"
"082640","동양생명","X","X","X","X","X","X","X","X","X","X","X"
"001525","동양우","X","X","X","X","X","X","X","O","X","X","X"
"008970","동양철관","X","X","X","X","X","X","X","X","X","X","X"
"092780","동양피스톤","X","X","X","X","X","X","X","X","X","X","X"
"049770","동원F&B","X","X","X","X","X","X","X","X","X","X","X"
"018500","동원금속","X","X","X","X","X","X","X","X","X","X","X"
"006040","동원산업","X","X","X","X","O","X","X","X","X","X","X"
"030720","동원수산","X","X","X","X","X","X","X","X","X","X","X"
"014820","동원시스템즈","X","X","X","X","X","X","X","X","X","X","X"
"014825","동원시스템즈우","X","X","X","X","X","X","O","X","X","X","X"
"163560","동일고무벨트","X","X","X","X","X","X","X","X","X","X","X"
"004890","동일산업","X","X","X","X","X","X","X","X","X","X","X"
"002690","동일제강","X","X","X","X","X","X","X","X","X","X","X"
"000020","동화약품","X","X","X","X","X","X","X","X","X","X","X"
"000150","두산","X","X","X","X","X","X","X","X","X","X","X"
"000157","두산2우B","X","X","X","X","X","X","X","X","X","X","X"
"241560","두산밥캣","X","X","X","X","X","X","X","X","X","X","X"
"034020","두산에너빌리티","X","X","X","X","X","X","X","X","X","X","X"
"000155","두산우","X","X","X","X","X","X","X","X","X","X","X"
"336260","두산퓨얼셀","X","X","X","X","X","X","X","X","X","X","X"
"33626K","두산퓨얼셀1우","X","X","X","X","X","X","X","X","X","X","X"
"33626L","두산퓨얼셀2우B","X","X","X","X","X","X","X","X","X","X","X"
"016740","두올","X","X","X","X","X","X","X","X","X","X","X"
"192650","드림텍","X","X","X","X","X","X","X","X","X","X","X"
"024090","디씨엠","X","X","X","X","X","X","X","X","X","X","X"
"003160","디아이","X","X","X","X","X","X","X","X","X","X","X"
"092200","디아이씨","X","X","X","X","X","X","X","X","X","X","X"
"377190","디앤디플랫폼리츠","X","X","X","X","X","X","X","X","X","X","X"
"013570","디와이","X","X","X","X","X","X","X","X","X","X","X"
"210540","디와이파워","X","X","X","X","X","X","X","X","X","X","X"
"007340","디티알오토모티브","X","X","X","X","X","X","X","X","X","X","X"
"115390","락앤락","X","X","X","X","X","X","X","X","X","X","X"
"032350","롯데관광개발","X","X","X","X","X","X","X","X","X","X","X"
"089860","롯데렌탈","X","X","X","X","X","X","X","X","X","X","X"
"330590","롯데리츠","X","X","X","X","X","X","X","X","X","X","X"
"000400","롯데손해보험","X","X","X","X","X","X","X","X","X","X","X"
"023530","롯데쇼핑","X","X","X","X","X","X","X","X","X","X","X"
"004000","롯데정밀화학","X","X","X","X","X","X","X","X","X","X","X"
"286940","롯데정보통신","X","X","X","X","X","X","X","X","X","X","X"
"280360","롯데제과","X","X","X","X","X","X","X","X","X","X","X"
"004990","롯데지주","X","X","X","X","X","X","X","X","X","X","X"
"00499K","롯데지주우","X","X","X","X","X","X","X","X","X","X","X"
"005300","롯데칠성","X","X","X","X","X","X","X","X","X","X","X"
"005305","롯데칠성우","X","X","X","X","X","X","X","X","X","X","X"
"011170","롯데케미칼","X","X","X","X","X","X","X","X","X","X","X"
"002270","롯데푸드","X","X","X","X","X","X","X","X","X","X","X"
"071840","롯데하이마트","X","X","X","X","X","X","X","X","X","X","X"
"027740","마니커","X","X","X","X","X","X","X","X","X","X","X"
"204320","만도","X","X","X","X","X","X","X","X","X","X","X"
"001080","만호제강","X","X","X","X","X","X","X","X","X","X","X"
"088980","맥쿼리인프라","X","X","X","X","X","X","X","X","X","X","X"
"094800","맵스리얼티1","X","X","X","X","X","X","X","X","X","X","X"
"138040","메리츠금융지주","X","X","X","X","X","X","X","X","X","X","X"
"008560","메리츠증권","X","X","X","X","X","X","X","X","X","X","X"
"000060","메리츠화재","X","X","X","X","X","X","X","X","X","X","X"
"090370","메타랩스","X","X","X","X","X","X","X","X","X","X","X"
"017180","명문제약","X","X","X","X","X","X","X","X","X","X","X"
"009900","명신산업","X","X","X","X","X","X","X","X","X","X","X"
"012690","모나리자","X","X","X","X","X","X","X","X","X","X","X"
"005360","모나미","X","X","X","X","X","X","X","X","X","X","X"
"204210","모두투어리츠","X","X","X","X","X","X","X","X","X","X","X"
"009680","모토닉","X","X","X","X","X","X","X","X","X","X","X"
"009580","무림P&P","X","X","X","X","X","X","X","X","X","X","X"
"009200","무림페이퍼","X","X","X","X","X","X","X","X","X","X","X"
"033920","무학","X","X","X","X","X","X","X","X","X","X","X"
"008420","문배철강","X","X","X","X","X","X","X","X","X","X","X"
"025560","미래산업","X","X","X","X","X","X","X","X","X","X","X"
"007120","미래아이앤지","X","X","X","X","X","X","X","X","X","X","X"
"396690","미래에셋글로벌리츠","X","X","X","X","X","X","X","X","X","X","X"
"357250","미래에셋맵스리츠","X","X","X","X","X","X","X","X","X","X","X"
"085620","미래에셋생명","X","X","X","X","X","X","X","X","X","X","X"
"006800","미래에셋증권","X","X","X","X","X","X","X","X","X","X","X"
"00680K","미래에셋증권2우B","X","X","X","X","X","X","X","X","X","X","X"
"006805","미래에셋증권우","X","X","X","X","X","X","X","X","X","X","X"
"002840","미원상사","X","X","X","X","X","X","X","X","X","X","X"
"268280","미원에스씨","X","X","X","X","X","X","X","X","X","X","X"
"107590","미원홀딩스","X","X","X","X","X","X","X","X","X","X","X"
"134380","미원화학","X","X","X","X","X","X","X","X","X","X","X"
"003650","미창석유","X","X","X","X","X","X","X","X","X","X","X"
"155900","바다로19호","X","X","X","X","X","X","X","X","X","X","X"
"003610","방림","X","X","X","X","X","X","X","X","X","X","X"
"001340","백광산업","X","X","X","X","X","X","X","X","X","X","X"
"035150","백산","X","X","X","X","X","X","X","X","X","X","X"
"002410","범양건영","X","X","X","X","X","X","X","X","X","X","X"
"096300","베트남개발1","X","X","X","X","X","X","X","X","X","X","X"
"007210","벽산","X","X","X","X","X","X","X","X","X","X","X"
"002760","보락","X","X","X","X","X","X","X","X","X","X","X"
"003850","보령","X","X","X","X","X","X","X","X","X","X","X"
"000890","보해양조","X","X","X","X","X","X","X","X","X","X","X"
"003000","부광약품","X","X","X","X","X","X","X","X","X","X","X"
"001270","부국증권","X","X","X","X","X","X","X","X","X","X","X"
"001275","부국증권우","X","X","X","X","X","O","X","X","X","X","X"
"026940","부국철강","X","X","X","X","X","X","X","X","X","X","X"
"011390","부산산업","X","X","X","X","X","X","X","X","X","X","X"
"005030","부산주공","X","X","X","X","O","X","X","X","X","X","X"
"002070","비비안","X","X","X","X","X","X","X","X","X","X","X"
"100220","비상교육","X","X","X","X","X","X","X","X","X","X","X"
"030790","비케이탑스","X","X","X","X","O","X","X","X","X","X","X"
"005180","빙그레","X","X","X","X","X","X","X","X","X","X","X"
"003960","사조대림","X","X","X","X","X","X","X","X","X","X","X"
"008040","사조동아원","X","X","X","X","X","X","X","X","X","X","X"
"007160","사조산업","X","X","X","X","X","X","X","X","X","X","X"
"014710","사조씨푸드","X","X","X","X","X","X","X","X","X","X","X"
"006090","사조오양","X","X","X","X","X","X","X","X","X","X","X"
"001470","삼부토건","X","X","X","X","X","X","X","X","X","X","X"
"006400","삼성SDI","X","X","X","X","X","X","X","X","X","X","X"
"006405","삼성SDI우","X","X","X","X","X","X","X","X","X","X","X"
"006660","삼성공조","X","X","X","X","X","X","X","X","X","X","X"
"028260","삼성물산","X","X","X","X","X","X","X","X","X","X","X"
"02826K","삼성물산우B","X","X","X","X","X","X","X","X","X","X","X"
"207940","삼성바이오로직스","X","X","X","X","X","X","X","X","X","X","X"
"032830","삼성생명","X","X","X","X","X","X","X","X","X","X","X"
"018260","삼성에스디에스","X","X","X","X","X","X","X","X","X","X","X"
"028050","삼성엔지니어링","X","X","X","X","X","X","X","X","X","X","X"
"009150","삼성전기","X","X","X","X","X","X","X","X","X","X","X"
"009155","삼성전기우","X","X","X","X","X","X","X","X","X","X","X"
"005930","삼성전자","X","X","X","X","X","X","X","X","X","X","X"
"005935","삼성전자우","X","X","X","X","X","X","X","X","X","X","X"
"001360","삼성제약","X","X","X","X","X","X","X","X","X","X","X"
"010140","삼성중공업","X","X","X","X","X","X","X","X","X","X","X"
"010145","삼성중공우","X","X","X","X","X","X","O","X","X","X","X"
"016360","삼성증권","X","X","X","X","X","X","X","X","X","X","X"
"068290","삼성출판사","X","X","X","X","X","X","X","X","X","X","X"
"029780","삼성카드","X","X","X","X","X","X","X","X","X","X","X"
"000810","삼성화재","X","X","X","X","X","X","X","X","X","X","X"
"000815","삼성화재우","X","X","X","X","X","X","X","X","X","X","X"
"006110","삼아알미늄","X","X","X","X","X","X","X","X","X","X","X"
"145990","삼양사","X","X","X","X","X","X","X","X","X","X","X"
"145995","삼양사우","X","X","X","X","X","X","O","X","X","X","X"
"003230","삼양식품","X","X","X","X","X","X","X","X","X","X","X"
"002170","삼양통상","X","X","X","X","X","X","X","X","X","X","X"
"272550","삼양패키징","X","X","X","X","X","X","X","X","X","X","X"
"000070","삼양홀딩스","X","X","X","X","X","X","X","X","X","X","X"
"000075","삼양홀딩스우","X","X","X","X","X","X","O","X","X","X","X"
"002810","삼영무역","X","X","X","X","X","X","X","X","X","X","X"
"005680","삼영전자","X","X","X","X","X","X","X","X","X","X","X"
"003720","삼영화학","X","X","X","X","X","X","X","X","X","X","X"
"023000","삼원강재","X","X","X","X","X","X","X","X","X","X","X"
"004380","삼익THK","X","X","X","X","X","X","X","X","X","X","X"
"002450","삼익악기","X","X","X","X","X","X","X","X","X","X","X"
"004440","삼일씨엔에스","X","X","X","X","X","X","X","X","X","X","X"
"000520","삼일제약","X","X","X","X","X","X","X","X","X","X","X"
"009770","삼정펄프","X","X","X","X","X","X","X","X","X","X","X"
"005500","삼진제약","X","X","X","X","X","X","X","X","X","X","X"
"004690","삼천리","X","X","X","X","X","X","X","X","X","X","X"
"010960","삼호개발","X","X","X","X","X","X","X","X","X","X","X"
"004450","삼화왕관","X","X","X","X","X","X","X","X","X","X","X"
"009470","삼화전기","X","X","X","X","X","X","X","X","X","X","X"
"011230","삼화전자","X","X","X","X","X","X","X","X","X","X","X"
"001820","삼화콘덴서","X","X","X","X","X","X","X","X","X","X","X"
"000390","삼화페인트","X","X","X","X","X","X","X","X","X","X","X"
"001290","상상인증권","X","X","X","X","X","X","X","X","X","X","X"
"041650","상신브레이크","X","X","X","X","X","X","X","X","X","X","X"
"075180","새론오토모티브","X","X","X","X","X","X","X","X","X","X","X"
"007540","샘표","X","X","X","X","X","X","X","X","X","X","X"
"248170","샘표식품","X","X","X","X","X","X","X","X","X","X","X"
"007860","서연","X","X","X","X","X","X","X","X","X","X","X"
"200880","서연이화","X","X","X","X","X","X","X","X","X","X","X"
"017390","서울가스","X","X","X","X","X","X","X","X","X","X","X"
"004410","서울식품","X","X","X","X","X","X","X","X","X","X","X"
"004415","서울식품우","X","X","X","X","X","X","X","O","X","X","X"
"021050","서원","X","X","X","X","X","X","X","X","X","X","X"
"008490","서흥","X","X","X","X","X","X","X","X","X","X","X"
"007610","선도전기","O","X","O","X","X","X","X","X","X","X","X"
"136490","선진","X","X","X","X","X","X","X","X","X","X","X"
"014910","성문전자","X","X","X","X","X","X","X","X","X","X","X"
"014915","성문전자우","X","X","X","X","X","X","X","O","X","X","X"
"003080","성보화학","X","X","X","X","X","X","X","X","X","X","X"
"004980","성신양회","X","X","X","X","X","X","X","X","X","X","X"
"004985","성신양회우","X","X","X","X","X","X","X","O","X","X","X"
"011300","성안","X","X","X","X","X","X","X","X","X","X","X"
"000180","성창기업지주","X","X","X","X","X","X","X","X","X","X","X"
"002420","세기상사","X","X","X","X","X","X","X","X","X","X","X"
"004360","세방","X","X","X","X","X","X","X","X","X","X","X"
"004365","세방우","X","X","X","X","X","O","X","X","X","X","X"
"004490","세방전지","X","X","X","X","X","X","X","X","X","X","X"
"001430","세아베스틸지주","X","X","X","X","X","X","X","X","X","X","X"
"306200","세아제강","X","X","X","X","X","X","X","X","X","X","X"
"003030","세아제강지주","X","X","X","X","X","X","X","X","X","X","X"
"019440","세아특수강","X","X","X","X","X","X","X","X","X","X","X"
"058650","세아홀딩스","X","X","X","X","X","X","X","X","X","X","X"
"013000","세우글로벌","X","X","X","X","X","X","X","X","X","X","X"
"091090","세원이앤씨","X","X","X","X","X","X","X","X","X","X","X"
"021820","세원정공","O","X","X","X","X","X","X","X","X","X","X"
"067830","세이브존I&C","X","X","X","X","X","X","X","X","X","X","X"
"033530","세종공업","X","X","X","X","X","X","X","X","X","X","X"
"075580","세진중공업","X","X","X","X","X","X","X","X","X","X","X"
"027970","세하","X","X","X","X","X","X","X","X","X","X","X"
"308170","센트랄모텍","X","X","X","X","X","X","X","X","X","X","X"
"012600","센트럴인사이트","O","X","O","X","X","X","X","X","X","X","X"
"068270","셀트리온","X","X","X","X","X","X","X","X","X","X","X"
"336370","솔루스첨단소재","X","X","X","X","X","X","X","X","X","X","X"
"33637K","솔루스첨단소재1우","X","X","X","X","X","X","X","X","X","X","X"
"33637L","솔루스첨단소재2우B","X","X","X","X","X","X","X","X","X","X","X"
"248070","솔루엠","X","X","X","X","X","X","X","X","X","X","X"
"004430","송원산업","X","X","X","X","X","X","X","X","X","X","X"
"017550","수산중공업","X","X","X","X","X","X","X","X","X","X","X"
"053210","스카이라이프","X","X","X","X","X","X","X","X","X","X","X"
"026890","스틱인베스트먼트","X","X","X","X","X","X","X","X","X","X","X"
"134790","시디즈","X","X","X","X","X","X","X","X","X","X","X"
"016590","신대양제지","X","X","X","X","X","X","X","X","X","X","X"
"029530","신도리코","X","X","X","X","X","X","X","X","X","X","X"
"004970","신라교역","X","X","X","X","X","X","X","X","X","X","X"
"011930","신성이엔지","X","X","X","X","X","X","X","X","X","X","X"
"005390","신성통상","X","X","X","X","X","X","X","X","X","X","X"
"004170","신세계","X","X","X","X","X","X","X","X","X","X","X"
"035510","신세계 I&C","X","X","X","X","X","X","X","X","X","X","X"
"034300","신세계건설","X","X","X","X","X","X","X","X","X","X","X"
"031430","신세계인터내셔날","X","X","X","X","X","X","X","X","X","X","X"
"031440","신세계푸드","X","X","X","X","X","X","X","X","X","X","X"
"006880","신송홀딩스","X","X","X","X","X","X","X","X","X","X","X"
"005800","신영와코루","X","X","X","X","X","X","X","X","X","X","X"
"001720","신영증권","X","X","X","X","X","X","X","X","X","X","X"
"001725","신영증권우","X","X","X","X","X","X","X","X","X","X","X"
"009270","신원","X","X","X","X","X","X","X","X","X","X","X"
"009275","신원우","X","X","X","X","X","X","O","X","X","X","X"
"002700","신일전자","X","X","X","X","X","X","X","X","X","X","X"
"019170","신풍제약","X","X","X","X","X","X","X","X","X","X","X"
"019175","신풍제약우","X","X","X","X","X","X","X","O","X","X","X"
"002870","신풍제지","X","X","X","X","X","X","X","X","X","X","X"
"404990","신한서부티엔디리츠","X","X","X","X","X","X","X","X","X","X","X"
"293940","신한알파리츠","X","X","X","X","X","X","X","X","X","X","X"
"055550","신한지주","X","X","X","X","X","X","X","X","X","X","X"
"004080","신흥","X","X","X","X","X","X","X","X","X","X","X"
"102280","쌍방울","X","X","X","X","O","X","X","X","X","X","X"
"003410","쌍용C&E","X","X","X","X","X","X","X","X","X","X","X"
"003620","쌍용차","O","X","O","X","X","X","X","X","X","X","X"
"004770","써니전자","X","X","X","X","X","X","X","X","X","X","X"
"015540","쎌마테라퓨틱스","O","X","O","X","O","X","X","X","X","X","X"
"004920","씨아이테크","X","X","X","X","O","X","X","X","X","X","X"
"112610","씨에스윈드","X","X","X","X","X","X","X","X","X","X","X"
"008700","아남전자","X","X","X","X","X","X","X","X","X","X","X"
"002790","아모레G","X","X","X","X","X","X","X","X","X","X","X"
"00279K","아모레G3우(전환)","X","X","X","X","X","X","X","X","X","X","X"
"002795","아모레G우","X","X","X","X","X","X","X","X","X","X","X"
"090430","아모레퍼시픽","X","X","X","X","X","X","X","X","X","X","X"
"090435","아모레퍼시픽우","X","X","X","X","X","X","X","X","X","X","X"
"002030","아세아","X","X","X","X","X","X","X","X","X","X","X"
"183190","아세아시멘트","X","X","X","X","X","X","X","X","X","X","X"
"002310","아세아제지","X","X","X","X","X","X","X","X","X","X","X"
"012170","아센디오","X","X","X","X","X","X","X","X","X","X","X"
"267850","아시아나IDT","X","X","X","X","X","X","X","X","X","X","X"
"020560","아시아나항공","X","X","X","X","X","X","X","X","X","X","X"
"122900","아이마켓코리아","X","X","X","X","X","X","X","X","X","X","X"
"010780","아이에스동서","X","X","X","X","X","X","X","X","X","X","X"
"139990","아주스틸","X","X","X","X","X","X","X","X","X","X","X"
"001780","알루코","X","X","X","X","X","X","X","X","X","X","X"
"018250","애경산업","X","X","X","X","X","X","X","X","X","X","X"
"161000","애경케미칼","X","X","X","X","X","X","X","X","X","X","X"
"011090","에넥스","X","X","X","X","X","X","X","X","X","X","X"
"137310","에스디바이오센서","X","X","X","X","O","X","X","X","X","X","X"
"005850","에스엘","X","X","X","X","X","X","X","X","X","X","X"
"010580","에스엠벡셀","O","X","X","X","X","X","X","X","X","X","X"
"012750","에스원","X","X","X","X","X","X","X","X","X","X","X"
"023960","에쓰씨엔지니어링","X","X","X","X","X","X","X","X","X","X","X"
"298690","에어부산","X","X","X","X","X","X","X","X","X","X","X"
"140910","에이리츠","X","X","X","X","X","X","X","X","X","X","X"
"078520","에이블씨엔씨","X","X","X","X","O","X","X","X","X","X","X"
"015260","에이엔피","X","X","X","X","X","X","X","X","X","X","X"
"007460","에이프로젠 MED","X","X","X","X","X","X","X","X","X","X","X"
"003060","에이프로젠제약","X","X","X","X","X","X","X","X","X","X","X"
"244920","에이플러스에셋","X","X","X","X","O","X","X","X","X","X","X"
"036570","엔씨소프트","X","X","X","X","X","X","X","X","X","X","X"
"380440","엔에이치스팩19호","X","X","X","X","X","X","X","X","X","X","X"
"085310","엔케이","X","X","X","X","X","X","X","X","X","X","X"
"900140","엘브이엠씨홀딩스","X","X","X","X","X","X","X","X","X","X","X"
"097520","엠씨넥스","X","X","X","X","X","X","X","X","X","X","X"
"014440","영보화학","X","X","X","X","X","X","X","X","X","X","X"
"111770","영원무역","X","X","X","X","X","X","X","X","X","X","X"
"009970","영원무역홀딩스","X","X","X","X","X","X","X","X","X","X","X"
"003520","영진약품","X","X","X","X","X","X","X","X","X","X","X"
"000670","영풍","X","X","X","X","X","X","X","X","X","X","X"
"006740","영풍제지","X","X","X","X","X","X","X","X","X","X","X"
"012280","영화금속","X","X","X","X","X","X","X","X","X","X","X"
"012160","영흥","X","X","X","X","X","X","X","X","X","X","X"
"015360","예스코홀딩스","X","X","X","X","X","X","X","X","X","X","X"
"007310","오뚜기","X","X","X","X","X","X","X","X","X","X","X"
"002630","오리엔트바이오","X","X","X","X","X","X","X","X","X","X","X"
"271560","오리온","X","X","X","X","X","X","X","X","X","X","X"
"001800","오리온홀딩스","X","X","X","X","X","X","X","X","X","X","X"
"011690","와이투솔루션","O","X","X","X","X","X","X","X","X","X","X"
"070960","용평리조트","X","X","X","X","X","X","X","X","X","X","X"
"316140","우리금융지주","X","X","X","X","X","X","X","X","X","X","X"
"010050","우리종금","X","X","X","X","X","X","X","X","X","X","X"
"006980","우성","X","X","X","X","X","X","X","X","X","X","X"
"017370","우신시스템","X","X","X","X","X","X","X","X","X","X","X"
"105840","우진","X","X","X","X","X","X","X","X","X","X","X"
"010400","우진아이엔에스","X","X","X","X","X","X","X","X","X","X","X"
"049800","우진플라임","X","X","X","X","X","X","X","X","X","X","X"
"016880","웅진","X","X","X","X","X","X","X","X","X","X","X"
"095720","웅진씽크빅","X","X","X","X","X","X","X","X","X","X","X"
"005820","원림","X","X","X","X","X","X","X","X","X","X","X"
"010600","웰바이오텍","X","X","X","X","X","X","X","X","X","X","X"
"008600","윌비스","X","X","X","X","X","X","X","X","X","X","X"
"033270","유나이티드제약","X","X","X","X","X","X","X","X","X","X","X"
"014830","유니드","X","X","X","X","X","X","X","X","X","X","X"
"000910","유니온","X","X","X","X","X","X","X","X","X","X","X"
"047400","유니온머티리얼","X","X","X","X","X","X","X","X","X","X","X"
"011330","유니켐","X","X","X","X","X","X","X","X","X","X","X"
"077500","유니퀘스트","X","X","X","X","X","X","X","X","X","X","X"
"002920","유성기업","X","X","X","X","X","X","X","X","X","X","X"
"000700","유수홀딩스","X","X","X","X","X","X","X","X","X","X","X"
"003470","유안타증권","X","X","X","X","X","X","X","X","X","X","X"
"003475","유안타증권우","X","X","X","X","X","X","X","X","X","X","X"
"072130","유엔젤","X","X","X","X","X","X","X","X","X","X","X"
"000220","유유제약","X","X","X","X","X","X","X","X","X","X","X"
"000225","유유제약1우","X","X","X","X","X","X","X","X","X","X","X"
"000227","유유제약2우B","X","X","X","X","X","X","O","X","X","X","X"
"001200","유진투자증권","X","X","X","X","X","X","X","X","X","X","X"
"000100","유한양행","X","X","X","X","X","X","X","X","X","X","X"
"000105","유한양행우","X","X","X","X","X","X","X","X","X","X","X"
"003460","유화증권","X","X","X","X","X","X","X","X","X","X","X"
"003465","유화증권우","X","X","X","X","X","O","X","X","X","X","X"
"008730","율촌화학","X","X","X","X","X","X","X","X","X","X","X"
"008250","이건산업","X","X","X","X","X","X","X","X","X","X","X"
"025820","이구산업","X","X","X","X","X","X","X","X","X","X","X"
"214320","이노션","X","X","X","X","X","X","X","X","X","X","X"
"088260","이리츠코크렙","X","X","X","X","X","X","X","X","X","X","X"
"139480","이마트","X","X","X","X","X","X","X","X","X","X","X"
"007660","이수페타시스","X","X","X","X","X","X","X","X","X","X","X"
"005950","이수화학","X","X","X","X","X","X","X","X","X","X","X"
"015020","이스타코","X","X","X","X","X","X","X","X","X","X","X"
"093230","이아이디","X","X","X","X","X","X","X","X","X","X","X"
"074610","이엔플러스","X","X","X","X","X","X","X","X","X","X","X"
"102460","이연제약","X","X","X","X","X","X","X","X","X","X","X"
"084680","이월드","X","X","X","X","X","X","X","X","X","X","X"
"350520","이지스레지던스리츠","X","X","X","X","X","X","X","X","X","X","X"
"334890","이지스밸류리츠","X","X","X","X","X","X","X","X","X","X","X"
"000760","이화산업","X","X","X","X","X","X","X","X","X","X","X"
"014990","인디에프","X","X","X","X","X","X","X","X","X","X","X"
"101140","인바이오젠","X","X","X","X","X","X","X","X","X","X","X"
"006490","인스코비","X","X","X","X","X","X","X","X","X","X","X"
"023800","인지컨트롤스","X","X","X","X","X","X","X","X","X","X","X"
"034590","인천도시가스","X","X","X","X","X","X","X","X","X","X","X"
"129260","인터지스","X","X","X","X","X","X","X","X","X","X","X"
"023810","인팩","X","X","X","X","X","X","X","X","X","X","X"
"249420","일동제약","X","X","X","X","X","X","X","X","X","X","X"
"000230","일동홀딩스","X","X","X","X","X","X","X","X","X","O","X"
"013360","일성건설","X","X","X","X","O","X","X","X","X","X","X"
"003120","일성신약","X","X","X","X","X","X","X","X","X","X","X"
"003200","일신방직","X","X","X","X","X","X","X","X","X","X","X"
"007110","일신석재","X","X","X","X","X","X","X","X","X","X","X"
"007570","일양약품","X","X","X","X","X","X","X","X","X","X","X"
"007575","일양약품우","X","X","X","X","X","X","O","X","X","X","X"
"008500","일정실업","X","X","O","X","X","X","X","X","X","X","X"
"081000","일진다이아","X","X","X","X","X","X","X","X","X","X","X"
"020760","일진디스플","X","X","X","X","X","X","X","X","X","X","X"
"020150","일진머티리얼즈","X","X","X","X","X","X","X","X","X","X","X"
"103590","일진전기","X","X","X","X","X","X","X","X","X","X","X"
"271940","일진하이솔루스","X","X","X","X","X","X","X","X","X","X","X"
"015860","일진홀딩스","X","X","X","X","X","X","X","X","X","X","X"
"226320","잇츠한불","X","X","X","X","X","X","X","X","X","X","X"
"317400","자이에스앤디","X","X","X","X","X","X","X","X","X","X","X"
"033240","자화전자","X","X","X","X","X","X","X","X","X","X","X"
"000950","전방","X","X","X","X","X","X","X","X","X","X","X"
"348950","제이알글로벌리츠","X","X","X","X","X","X","X","X","X","X","X"
"194370","제이에스코퍼레이션","X","X","X","X","X","X","X","X","X","X","X"
"025620","제이준코스메틱","X","X","X","X","X","X","X","X","X","X","X"
"030000","제일기획","X","X","X","X","X","X","X","X","X","X","X"
"271980","제일약품","X","X","X","X","X","X","X","X","X","X","X"
"001560","제일연마","X","X","X","X","X","X","X","X","X","X","X"
"002620","제일파마홀딩스","X","X","X","X","X","X","X","X","X","X","X"
"006220","제주은행","X","X","X","X","X","X","X","X","X","X","X"
"089590","제주항공","X","X","X","X","X","X","X","X","X","X","X"
"004910","조광페인트","X","X","X","X","X","X","X","X","X","X","X"
"004700","조광피혁","X","X","X","X","X","X","X","X","X","X","X"
"001550","조비","X","X","X","X","X","X","X","X","X","X","X"
"000480","조선내화","X","X","X","X","X","X","X","X","X","X","X"
"120030","조선선재","X","X","X","X","X","X","X","X","X","X","X"
"018470","조일알미늄","X","X","X","X","X","X","X","X","X","X","X"
"002600","조흥","X","X","X","X","X","X","X","X","X","X","X"
"185750","종근당","X","X","X","X","X","X","X","X","X","X","X"
"063160","종근당바이오","X","X","X","X","X","X","X","X","X","X","X"
"001630","종근당홀딩스","X","X","X","X","X","X","X","X","X","X","X"
"044380","주연테크","X","X","X","X","X","X","X","X","X","X","X"
"013890","지누스","X","X","X","X","X","X","X","X","X","X","X"
"013870","지엠비코리아","X","X","X","X","X","X","X","X","X","X","X"
"071320","지역난방공사","X","X","X","X","X","X","X","X","X","X","X"
"035000","지투알","X","X","X","X","X","X","X","X","X","X","X"
"088790","진도","X","X","X","X","X","X","X","X","X","X","X"
"003780","진양산업","X","X","X","X","X","X","X","X","X","X","X"
"010640","진양폴리","X","X","X","X","X","X","X","X","X","X","X"
"100250","진양홀딩스","X","X","X","X","X","X","X","X","X","X","X"
"051630","진양화학","X","X","X","X","X","X","X","X","X","X","X"
"272450","진에어","X","X","X","X","X","X","X","X","X","X","X"
"011000","진원생명과학","X","X","X","X","X","X","X","X","X","X","X"
"002780","진흥기업","X","X","X","X","X","X","X","X","X","X","X"
"002787","진흥기업2우B","X","X","X","X","X","X","O","X","X","X","X"
"002785","진흥기업우B","X","X","X","X","X","X","X","O","X","X","X"
"009310","참엔지니어링","X","X","X","X","O","X","X","X","X","X","X"
"000650","천일고속","X","X","X","X","X","X","X","X","X","X","X"
"033250","체시스","X","X","X","X","X","X","X","X","X","X","X"
"118000","초록뱀헬스케어","X","X","X","X","X","X","X","X","X","X","X"
"035720","카카오","X","X","X","X","X","X","X","X","X","X","X"
"323410","카카오뱅크","X","X","X","X","X","X","X","X","X","X","X"
"377300","카카오페이","X","X","X","X","X","X","X","X","X","X","X"
"006380","카프로","X","X","X","X","X","X","X","X","X","X","X"
"109070","컨버즈","O","X","X","X","X","X","X","X","X","X","X"
"001620","케이비아이동국실업","X","X","X","X","X","X","X","X","X","X","X"
"029460","케이씨","X","X","X","X","X","X","X","X","X","X","X"
"281820","케이씨텍","X","X","X","X","X","X","X","X","X","X","X"
"381970","케이카","X","X","X","X","X","X","X","X","X","X","X"
"145270","케이탑리츠","X","X","X","X","X","X","X","X","X","X","X"
"417310","코람코더원리츠","X","X","X","X","X","X","X","X","X","X","X"
"357120","코람코에너지리츠","X","X","X","X","X","X","X","X","X","X","X"
"007815","코리아써우","X","X","X","X","X","X","X","X","X","X","X"
"007810","코리아써키트","X","X","X","X","X","X","X","X","X","X","X"
"00781K","코리아써키트2우B","X","X","X","X","X","O","X","X","X","X","X"
"003690","코리안리","X","X","X","X","X","X","X","X","X","X","X"
"192820","코스맥스","X","X","X","X","X","X","X","X","X","X","X"
"044820","코스맥스비티아이","X","X","X","X","X","X","X","X","X","X","X"
"005070","코스모신소재","X","X","X","X","X","X","X","X","X","X","X"
"005420","코스모화학","X","X","X","X","X","X","X","X","X","X","X"
"071950","코아스","X","X","X","X","X","X","X","X","X","X","X"
"002020","코오롱","X","X","X","X","X","X","X","X","X","X","X"
"003070","코오롱글로벌","X","X","X","X","X","X","X","X","X","X","X"
"003075","코오롱글로벌우","X","X","X","X","X","X","O","X","X","X","X"
"002025","코오롱우","X","X","X","X","X","X","X","X","X","X","X"
"120110","코오롱인더","X","X","X","X","X","X","X","X","X","X","X"
"120115","코오롱인더우","X","X","X","X","X","X","X","X","X","X","X"
"138490","코오롱플라스틱","X","X","X","X","X","X","X","X","X","X","X"
"021240","코웨이","X","X","X","X","X","X","X","X","X","X","X"
"036420","콘텐트리중앙","X","X","X","X","X","X","X","X","X","X","X"
"031820","콤텍시스템","X","X","X","X","X","X","X","X","X","X","X"
"192400","쿠쿠홀딩스","X","X","X","X","X","X","X","X","X","X","X"
"284740","쿠쿠홈시스","X","X","X","X","X","X","X","X","X","X","X"
"015590","큐로","X","X","X","X","X","X","X","X","X","X","X"
"264900","크라운제과","X","X","X","X","X","X","X","X","X","X","X"
"26490K","크라운제과우","X","X","X","X","X","X","X","X","X","X","X"
"005740","크라운해태홀딩스","X","X","X","X","X","X","X","X","X","X","X"
"005745","크라운해태홀딩스우","X","X","X","X","X","X","X","O","X","X","X"
"259960","크래프톤","X","X","X","X","X","X","X","X","X","X","X"
"020120","키다리스튜디오","X","X","X","X","X","X","X","X","X","X","X"
"039490","키움증권","X","X","X","X","X","X","X","X","X","X","X"
"014580","태경비케이","X","X","X","X","X","X","X","X","X","X","X"
"015890","태경산업","X","X","X","X","X","X","X","X","X","X","X"
"006890","태경케미컬","X","X","X","X","X","X","X","X","X","X","X"
"003240","태광산업","X","X","X","X","X","X","X","X","X","X","X"
"011280","태림포장","X","X","X","X","X","X","X","X","X","X","X"
"004100","태양금속","X","X","X","X","X","X","X","X","X","X","X"
"004105","태양금속우","X","X","X","X","X","X","X","O","X","X","X"
"009410","태영건설","X","X","X","X","X","X","X","X","X","X","X"
"009415","태영건설우","X","X","X","X","X","X","X","X","X","X","X"
"001420","태원물산","X","X","X","X","X","X","X","X","X","X","X"
"007980","태평양물산","X","X","X","X","X","X","X","X","X","X","X"
"055490","테이팩스","X","X","X","X","X","X","X","X","X","X","X"
"078000","텔코웨어","X","X","X","X","X","X","X","X","X","X","X"
"214420","토니모리","X","X","X","X","X","X","X","X","X","X","X"
"019180","티에이치엔","X","X","X","X","X","X","X","X","X","X","X"
"363280","티와이홀딩스","X","X","X","X","X","X","X","X","X","X","X"
"36328K","티와이홀딩스우","X","X","X","X","X","X","X","X","X","X","X"
"091810","티웨이항공","X","X","X","X","X","X","X","X","X","X","X"
"004870","티웨이홀딩스","X","X","X","X","X","X","X","X","X","X","X"
"005690","파미셀","X","X","X","X","X","X","X","X","X","X","X"
"036580","팜스코","X","X","X","X","X","X","X","X","X","X","X"
"004720","팜젠사이언스","X","X","X","X","X","X","X","X","X","X","X"
"028670","팬오션","X","X","X","X","X","X","X","X","X","X","X"
"010820","퍼스텍","X","X","X","X","X","X","X","X","X","X","X"
"016800","퍼시스","X","X","X","X","X","X","X","X","X","X","X"
"001020","페이퍼코리아","X","X","X","X","X","X","X","X","X","X","X"
"090080","평화산업","X","X","X","X","X","X","X","X","X","X","X"
"010770","평화홀딩스","X","X","X","X","X","X","X","X","X","X","X"
"058430","포스코스틸리온","X","X","X","X","X","X","X","X","X","X","X"
"047050","포스코인터내셔널","X","X","X","X","X","X","X","X","X","X","X"
"003670","포스코케미칼","X","X","X","X","X","X","X","X","X","X","X"
"017810","풀무원","X","X","X","X","X","X","X","X","X","X","X"
"103140","풍산","X","X","X","X","X","X","X","X","X","X","X"
"005810","풍산홀딩스","X","X","X","X","X","X","X","X","X","X","X"
"950210","프레스티지바이오파마","X","X","X","X","X","X","X","X","X","X","X"
"009810","플레이그램","X","X","X","X","X","X","X","X","X","X","X"
"086790","하나금융지주","X","X","X","X","X","X","X","X","X","X","X"
"293480","하나제약","X","X","X","X","O","X","X","X","X","X","X"
"039130","하나투어","X","X","X","X","X","X","X","X","X","X","X"
"352820","하이브","X","X","X","X","X","X","X","X","X","X","X"
"071090","하이스틸","X","X","X","X","X","X","X","X","X","X","X"
"019490","하이트론","O","X","O","X","X","X","X","X","X","X","X"
"000080","하이트진로","X","X","X","X","X","X","X","X","X","X","X"
"000087","하이트진로2우B","X","X","X","X","X","X","X","X","X","X","X"
"000140","하이트진로홀딩스","X","X","X","X","X","X","X","X","X","X","X"
"000145","하이트진로홀딩스우","X","X","X","X","X","X","O","X","X","X","X"
"152550","한국ANKOR유전","X","X","X","X","X","O","X","X","X","X","X"
"036460","한국가스공사","X","X","X","X","X","X","X","X","X","X","X"
"005430","한국공항","X","X","X","X","X","X","X","X","X","X","X"
"071050","한국금융지주","X","X","X","X","X","X","X","X","X","X","X"
"071055","한국금융지주우","X","X","X","X","X","X","X","X","X","X","X"
"010040","한국내화","X","X","X","X","X","X","X","X","X","X","X"
"025540","한국단자","X","X","X","X","X","X","X","X","X","X","X"
"004090","한국석유","X","X","X","X","X","X","X","X","X","X","X"
"002200","한국수출포장","X","X","X","X","X","X","X","X","X","X","X"
"002960","한국쉘석유","X","X","X","X","X","X","X","X","X","X","X"
"000240","한국앤컴퍼니","X","X","X","X","X","X","X","X","X","X","X"
"123890","한국자산신탁","X","X","X","X","X","X","X","X","X","X","X"
"015760","한국전력","X","X","X","X","X","X","X","X","X","X","X"
"006200","한국전자홀딩스","X","X","X","X","X","X","X","X","X","X","X"
"009540","한국조선해양","X","X","X","X","X","X","X","X","X","X","X"
"023350","한국종합기술","X","X","X","X","X","X","X","X","X","X","X"
"025890","한국주강","X","X","X","X","X","X","X","X","X","X","X"
"000970","한국주철관","X","X","X","X","X","X","X","X","X","X","X"
"104700","한국철강","X","X","X","X","X","X","X","X","X","X","X"
"017960","한국카본","X","X","X","X","X","X","X","X","X","X","X"
"161890","한국콜마","X","X","X","X","X","X","X","X","X","X","X"
"024720","한국콜마홀딩스","X","X","X","X","X","X","X","X","X","X","X"
"161390","한국타이어앤테크놀로지","X","X","X","X","X","X","X","X","X","X","X"
"034830","한국토지신탁","X","X","X","X","X","X","X","X","X","X","X"
"007280","한국특강","X","X","X","X","X","X","X","X","X","X","X"
"168490","한국패러랠","X","X","X","X","X","O","X","X","X","X","X"
"010100","한국프랜지","X","X","X","X","X","X","X","X","X","X","X"
"047810","한국항공우주","X","X","X","X","X","X","X","X","X","X","X"
"123690","한국화장품","X","X","X","X","X","X","X","X","X","X","X"
"003350","한국화장품제조","X","X","X","X","X","X","X","X","X","X","X"
"011500","한농화성","X","X","X","X","X","X","X","X","X","X","X"
"002390","한독","X","X","X","X","X","X","X","X","X","X","X"
"014790","한라","X","X","X","X","X","X","X","X","X","X","X"
"060980","한라홀딩스","X","X","X","X","X","X","X","X","X","X","X"
"053690","한미글로벌","X","X","X","X","X","X","X","X","X","X","X"
"042700","한미반도체","X","X","X","X","X","X","X","X","X","X","X"
"008930","한미사이언스","X","X","X","X","X","X","X","X","X","X","X"
"128940","한미약품","X","X","X","X","X","X","X","X","X","X","X"
"009240","한샘","X","X","X","X","X","X","X","X","X","X","X"
"020000","한섬","X","X","X","X","X","X","X","X","X","X","X"
"003680","한성기업","X","X","X","X","X","X","X","X","X","X","X"
"105630","한세실업","X","X","X","X","X","X","X","X","X","X","X"
"069640","한세엠케이","X","X","X","X","X","X","X","X","X","X","X"
"016450","한세예스24홀딩스","X","X","X","X","X","X","X","X","X","X","X"
"010420","한솔PNS","X","X","X","X","X","X","X","X","X","X","X"
"009180","한솔로지스틱스","X","X","X","X","X","X","X","X","X","X","X"
"213500","한솔제지","X","X","X","X","X","X","X","X","X","X","X"
"014680","한솔케미칼","X","X","X","X","X","X","X","X","X","X","X"
"004710","한솔테크닉스","X","X","X","X","X","X","X","X","X","X","X"
"004150","한솔홀딩스","X","X","X","X","X","X","X","X","X","X","X"
"025750","한솔홈데코","X","X","X","X","X","X","X","X","X","X","X"
"004960","한신공영","X","X","X","X","X","X","X","X","X","X","X"
"011700","한신기계","X","X","X","X","X","X","X","X","X","X","X"
"001750","한양증권","X","X","X","X","X","X","X","X","X","X","X"
"001755","한양증권우","X","X","X","X","X","X","X","X","X","X","X"
"018880","한온시스템","X","X","X","X","X","X","X","X","X","X","X"
"009420","한올바이오파마","X","X","X","X","X","X","X","X","X","X","X"
"014130","한익스프레스","X","X","X","X","X","X","X","X","X","X","X"
"300720","한일시멘트","X","X","X","X","X","X","X","X","X","X","X"
"002220","한일철강","X","X","X","X","X","X","X","X","X","X","X"
"006390","한일현대시멘트","X","X","X","X","X","X","X","X","X","X","X"
"003300","한일홀딩스","X","X","X","X","X","X","X","X","X","X","X"
"051600","한전KPS","X","X","X","X","X","X","X","X","X","X","X"
"052690","한전기술","X","X","X","X","X","X","X","X","X","X","X"
"130660","한전산업","X","X","X","X","X","X","X","X","X","X","X"
"002320","한진","X","X","X","X","X","X","X","X","X","X","X"
"003480","한진중공업홀딩스","X","X","X","X","X","X","X","X","X","X","X"
"180640","한진칼","X","X","X","X","X","X","X","X","X","X","X"
"18064K","한진칼우","X","X","X","X","X","X","X","X","X","X","X"
"005110","한창","X","X","X","X","O","X","X","X","X","X","X"
"009460","한창제지","X","X","X","X","X","X","X","X","X","X","X"
"372910","한컴라이프케어","X","X","X","X","X","X","X","X","X","X","X"
"000880","한화","X","X","X","X","X","X","X","X","X","X","X"
"00088K","한화3우B","X","X","X","X","X","X","X","X","X","X","X"
"088350","한화생명","X","X","X","X","X","X","X","X","X","X","X"
"000370","한화손해보험","X","X","X","X","X","X","X","X","X","X","X"
"009830","한화솔루션","X","X","X","X","O","X","X","X","X","X","X"
"009835","한화솔루션우","X","X","X","X","O","X","X","X","X","X","X"
"272210","한화시스템","X","X","X","X","X","X","X","X","X","X","X"
"012450","한화에어로스페이스","X","X","X","X","X","X","X","X","X","X","X"
"000885","한화우","X","X","X","X","X","X","O","X","X","X","X"
"003530","한화투자증권","X","X","X","X","X","X","X","X","X","X","X"
"003535","한화투자증권우","X","X","X","X","X","X","X","O","X","X","X"
"195870","해성디에스","X","X","X","X","X","X","X","X","X","X","X"
"101530","해태제과식품","X","X","X","X","X","X","X","X","X","X","X"
"143210","핸즈코퍼레이션","X","X","X","X","X","X","X","X","X","X","X"
"000720","현대건설","X","X","X","X","X","X","X","X","X","X","X"
"267270","현대건설기계","X","X","X","X","X","X","X","X","X","X","X"
"000725","현대건설우","X","X","X","X","X","X","X","O","X","X","X"
"005440","현대그린푸드","X","X","X","X","X","X","X","X","X","X","X"
"086280","현대글로비스","X","X","X","X","X","X","X","X","X","X","X"
"042670","현대두산인프라코어","X","X","X","X","X","X","X","X","X","X","X"
"064350","현대로템","X","X","X","X","X","X","X","X","X","X","X"
"079430","현대리바트","X","X","X","X","X","X","X","X","X","X","X"
"012330","현대모비스","X","X","X","X","X","X","X","X","X","X","X"
"010620","현대미포조선","X","X","X","X","X","X","X","X","X","X","X"
"069960","현대백화점","X","X","X","X","X","X","X","X","X","X","X"
"004560","현대비앤지스틸","X","X","X","X","X","X","X","X","X","X","X"
"004565","현대비앤지스틸우","X","X","X","X","X","X","O","X","X","X","X"
"004310","현대약품","X","X","X","X","X","X","X","X","X","X","X"
"322000","현대에너지솔루션","X","X","X","X","X","X","X","X","X","X","X"
"017800","현대엘리베이","X","X","X","X","X","X","X","X","X","X","X"
"307950","현대오토에버","X","X","X","X","X","X","X","X","X","X","X"
"011210","현대위아","X","X","X","X","X","X","X","X","X","X","X"
"267260","현대일렉트릭","X","X","X","X","X","X","X","X","X","X","X"
"004020","현대제철","X","X","X","X","X","X","X","X","X","X","X"
"329180","현대중공업","X","X","X","X","X","X","X","X","X","X","X"
"005380","현대차","X","X","X","X","X","X","X","X","X","X","X"
"005387","현대차2우B","X","X","X","X","X","X","X","X","X","X","X"
"005389","현대차3우B","X","X","X","X","X","X","X","X","X","X","X"
"005385","현대차우","X","X","X","X","X","X","X","X","X","X","X"
"001500","현대차증권","X","X","X","X","X","X","X","X","X","X","X"
"011760","현대코퍼레이션","X","X","X","X","X","X","X","X","X","X","X"
"227840","현대코퍼레이션홀딩스","X","X","X","X","X","X","X","X","X","X","X"
"126560","현대퓨처넷","X","X","X","X","X","X","X","X","X","X","X"
"001450","현대해상","X","X","X","X","X","X","X","X","X","X","X"
"057050","현대홈쇼핑","X","X","X","X","X","X","X","X","X","X","X"
"093240","형지엘리트","X","X","X","X","X","X","X","X","X","X","X"
"003010","혜인","X","X","X","X","X","X","X","X","X","X","X"
"111110","호전실업","X","X","X","X","X","X","X","X","X","X","X"
"008770","호텔신라","X","X","X","X","X","X","X","X","X","X","X"
"008775","호텔신라우","X","X","X","X","X","X","X","X","X","X","X"
"002460","화성산업","X","X","X","X","X","X","X","X","X","X","X"
"378850","화승알앤에이","X","X","X","X","X","X","X","X","X","X","X"
"241590","화승엔터프라이즈","X","X","X","X","X","X","X","X","X","X","X"
"006060","화승인더","X","X","X","X","X","X","X","X","X","X","X"
"013520","화승코퍼레이션","X","X","X","X","X","X","X","X","X","X","X"
"010690","화신","X","X","X","X","X","X","X","X","X","X","X"
"133820","화인베스틸","X","X","X","X","X","X","X","X","X","X","X"
"010660","화천기계","X","X","X","X","X","X","X","X","X","X","X"
"000850","화천기공","X","X","X","X","X","X","X","X","X","X","X"
"016580","환인제약","X","X","X","X","X","X","X","X","X","X","X"
"032560","황금에스티","X","X","X","X","X","X","X","X","X","X","X"
"004800","효성","X","X","X","X","X","X","X","X","X","X","X"
"094280","효성ITX","X","X","X","X","X","X","X","X","X","X","X"
"298040","효성중공업","X","X","X","X","X","X","X","X","X","X","X"
"298050","효성첨단소재","X","X","X","X","X","X","X","X","X","X","X"
"298020","효성티앤씨","X","X","X","X","X","X","X","X","X","X","X"
"298000","효성화학","X","X","X","X","X","X","X","X","X","X","X"
"093370","후성","X","X","X","X","X","X","X","X","X","X","X"
"081660","휠라홀딩스","X","X","X","X","X","X","X","X","X","X","X"
"005870","휴니드","X","X","X","X","X","X","X","X","X","X","X"
"079980","휴비스","X","X","X","X","X","X","X","X","X","X","X"
"005010","휴스틸","X","X","X","X","X","X","X","X","X","X","X"
"000540","흥국화재","X","X","X","X","X","X","X","X","X","X","X"
"000547","흥국화재2우B","X","X","X","X","X","X","O","X","X","X","X"
"000545","흥국화재우","X","X","X","X","X","X","X","O","X","X","X"
"003280","흥아해운","X","X","X","X","X","X","X","X","X","X","X"